[
  {
    "Country": "Costa Rica",
    "Slug": "costa-rica",
    "ISO2": "CR"
  },
  {
    "Country": "Luxembourg",
    "Slug": "luxembourg",
    "ISO2": "LU"
  },
  {
    "Country": "Uruguay",
    "Slug": "uruguay",
    "ISO2": "UY"
  },
  {
    "Country": "French Polynesia",
    "Slug": "french-polynesia",
    "ISO2": "PF"
  },
  {
    "Country": "Guam",
    "Slug": "guam",
    "ISO2": "GU"
  },
  {
    "Country": "Lebanon",
    "Slug": "lebanon",
    "ISO2": "LB"
  },
  {
    "Country": "Netherlands",
    "Slug": "netherlands",
    "ISO2": "NL"
  },
  {
    "Country": "Sao Tome and Principe",
    "Slug": "sao-tome-and-principe",
    "ISO2": "ST"
  },
  {
    "Country": "Trinidad and Tobago",
    "Slug": "trinidad-and-tobago",
    "ISO2": "TT"
  },
  {
    "Country": "Zambia",
    "Slug": "zambia",
    "ISO2": "ZM"
  },
  {
    "Country": "India",
    "Slug": "india",
    "ISO2": "IN"
  },
  {
    "Country": "Jersey",
    "Slug": "jersey",
    "ISO2": "JE"
  },
  {
    "Country": "Lithuania",
    "Slug": "lithuania",
    "ISO2": "LT"
  },
  {
    "Country": "Peru",
    "Slug": "peru",
    "ISO2": "PE"
  },
  {
    "Country": "Turkey",
    "Slug": "turkey",
    "ISO2": "TR"
  },
  {
    "Country": "Mauritius",
    "Slug": "mauritius",
    "ISO2": "MU"
  },
  {
    "Country": "Nigeria",
    "Slug": "nigeria",
    "ISO2": "NG"
  },
  {
    "Country": "Palestinian Territory",
    "Slug": "palestine",
    "ISO2": "PS"
  },
  {
    "Country": "Timor-Leste",
    "Slug": "timor-leste",
    "ISO2": "TL"
  },
  {
    "Country": "Tonga",
    "Slug": "tonga",
    "ISO2": "TO"
  },
  {
    "Country": "Bahamas",
    "Slug": "bahamas",
    "ISO2": "BS"
  },
  {
    "Country": "Guinea-Bissau",
    "Slug": "guinea-bissau",
    "ISO2": "GW"
  },
  {
    "Country": "Maldives",
    "Slug": "maldives",
    "ISO2": "MV"
  },
  {
    "Country": "Mozambique",
    "Slug": "mozambique",
    "ISO2": "MZ"
  },
  {
    "Country": "Cyprus",
    "Slug": "cyprus",
    "ISO2": "CY"
  },
  {
    "Country": "Palau",
    "Slug": "palau",
    "ISO2": "PW"
  },
  {
    "Country": "Viet Nam",
    "Slug": "vietnam",
    "ISO2": "VN"
  },
  {
    "Country": "Cayman Islands",
    "Slug": "cayman-islands",
    "ISO2": "KY"
  },
  {
    "Country": "Macao, SAR China",
    "Slug": "macao-sar-china",
    "ISO2": "MO"
  },
  {
    "Country": "Pakistan",
    "Slug": "pakistan",
    "ISO2": "PK"
  },
  {
    "Country": "Seychelles",
    "Slug": "seychelles",
    "ISO2": "SC"
  },
  {
    "Country": "Venezuela (Bolivarian Republic)",
    "Slug": "venezuela",
    "ISO2": "VE"
  },
  {
    "Country": "Heard and Mcdonald Islands",
    "Slug": "heard-and-mcdonald-islands",
    "ISO2": "HM"
  },
  {
    "Country": "Nicaragua",
    "Slug": "nicaragua",
    "ISO2": "NI"
  },
  {
    "Country": "Samoa",
    "Slug": "samoa",
    "ISO2": "WS"
  },
  {
    "Country": "Uzbekistan",
    "Slug": "uzbekistan",
    "ISO2": "UZ"
  },
  {
    "Country": "Moldova",
    "Slug": "moldova",
    "ISO2": "MD"
  },
  {
    "Country": "Botswana",
    "Slug": "botswana",
    "ISO2": "BW"
  },
  {
    "Country": "Côte d'Ivoire",
    "Slug": "cote-divoire",
    "ISO2": "CI"
  },
  {
    "Country": "Libya",
    "Slug": "libya",
    "ISO2": "LY"
  },
  {
    "Country": "Mexico",
    "Slug": "mexico",
    "ISO2": "MX"
  },
  {
    "Country": "Netherlands Antilles",
    "Slug": "netherlands-antilles",
    "ISO2": "AN"
  },
  {
    "Country": "Ukraine",
    "Slug": "ukraine",
    "ISO2": "UA"
  },
  {
    "Country": "Afghanistan",
    "Slug": "afghanistan",
    "ISO2": "AF"
  },
  {
    "Country": "Benin",
    "Slug": "benin",
    "ISO2": "BJ"
  },
  {
    "Country": "Argentina",
    "Slug": "argentina",
    "ISO2": "AR"
  },
  {
    "Country": "Angola",
    "Slug": "angola",
    "ISO2": "AO"
  },
  {
    "Country": "Belarus",
    "Slug": "belarus",
    "ISO2": "BY"
  },
  {
    "Country": "Canada",
    "Slug": "canada",
    "ISO2": "CA"
  },
  {
    "Country": "Puerto Rico",
    "Slug": "puerto-rico",
    "ISO2": "PR"
  },
  {
    "Country": "Turkmenistan",
    "Slug": "turkmenistan",
    "ISO2": "TM"
  },
  {
    "Country": "Northern Mariana Islands",
    "Slug": "northern-mariana-islands",
    "ISO2": "MP"
  },
  {
    "Country": "Cook Islands",
    "Slug": "cook-islands",
    "ISO2": "CK"
  },
  {
    "Country": "Marshall Islands",
    "Slug": "marshall-islands",
    "ISO2": "MH"
  },
  {
    "Country": "New Caledonia",
    "Slug": "new-caledonia",
    "ISO2": "NC"
  },
  {
    "Country": "Swaziland",
    "Slug": "swaziland",
    "ISO2": "SZ"
  },
  {
    "Country": "Estonia",
    "Slug": "estonia",
    "ISO2": "EE"
  },
  {
    "Country": "French Southern Territories",
    "Slug": "french-southern-territories",
    "ISO2": "TF"
  },
  {
    "Country": "Guatemala",
    "Slug": "guatemala",
    "ISO2": "GT"
  },
  {
    "Country": "South Sudan",
    "Slug": "south-sudan",
    "ISO2": "SS"
  },
  {
    "Country": "Ghana",
    "Slug": "ghana",
    "ISO2": "GH"
  },
  {
    "Country": "Hong Kong, SAR China",
    "Slug": "hong-kong-sar-china",
    "ISO2": "HK"
  },
  {
    "Country": "Macedonia, Republic of",
    "Slug": "macedonia",
    "ISO2": "MK"
  },
  {
    "Country": "Denmark",
    "Slug": "denmark",
    "ISO2": "DK"
  },
  {
    "Country": "Guinea",
    "Slug": "guinea",
    "ISO2": "GN"
  },
  {
    "Country": "Malaysia",
    "Slug": "malaysia",
    "ISO2": "MY"
  },
  {
    "Country": "Romania",
    "Slug": "romania",
    "ISO2": "RO"
  },
  {
    "Country": "Slovakia",
    "Slug": "slovakia",
    "ISO2": "SK"
  },
  {
    "Country": "American Samoa",
    "Slug": "american-samoa",
    "ISO2": "AS"
  },
  {
    "Country": "China",
    "Slug": "china",
    "ISO2": "CN"
  },
  {
    "Country": "Saint Lucia",
    "Slug": "saint-lucia",
    "ISO2": "LC"
  },
  {
    "Country": "Cape Verde",
    "Slug": "cape-verde",
    "ISO2": "CV"
  },
  {
    "Country": "Congo (Brazzaville)",
    "Slug": "congo-brazzaville",
    "ISO2": "CG"
  },
  {
    "Country": "Liberia",
    "Slug": "liberia",
    "ISO2": "LR"
  },
  {
    "Country": "Niue",
    "Slug": "niue",
    "ISO2": "NU"
  },
  {
    "Country": "Rwanda",
    "Slug": "rwanda",
    "ISO2": "RW"
  },
  {
    "Country": "Sudan",
    "Slug": "sudan",
    "ISO2": "SD"
  },
  {
    "Country": "Azerbaijan",
    "Slug": "azerbaijan",
    "ISO2": "AZ"
  },
  {
    "Country": "Germany",
    "Slug": "germany",
    "ISO2": "DE"
  },
  {
    "Country": "Sierra Leone",
    "Slug": "sierra-leone",
    "ISO2": "SL"
  },
  {
    "Country": "Armenia",
    "Slug": "armenia",
    "ISO2": "AM"
  },
  {
    "Country": "Bermuda",
    "Slug": "bermuda",
    "ISO2": "BM"
  },
  {
    "Country": "Yemen",
    "Slug": "yemen",
    "ISO2": "YE"
  },
  {
    "Country": "Hungary",
    "Slug": "hungary",
    "ISO2": "HU"
  },
  {
    "Country": "Montenegro",
    "Slug": "montenegro",
    "ISO2": "ME"
  },
  {
    "Country": "Wallis and Futuna Islands",
    "Slug": "wallis-and-futuna-islands",
    "ISO2": "WF"
  },
  {
    "Country": "Anguilla",
    "Slug": "anguilla",
    "ISO2": "AI"
  },
  {
    "Country": "Saint Kitts and Nevis",
    "Slug": "saint-kitts-and-nevis",
    "ISO2": "KN"
  },
  {
    "Country": "Christmas Island",
    "Slug": "christmas-island",
    "ISO2": "CX"
  },
  {
    "Country": "Latvia",
    "Slug": "latvia",
    "ISO2": "LV"
  },
  {
    "Country": "Morocco",
    "Slug": "morocco",
    "ISO2": "MA"
  },
  {
    "Country": "Philippines",
    "Slug": "philippines",
    "ISO2": "PH"
  },
  {
    "Country": "Qatar",
    "Slug": "qatar",
    "ISO2": "QA"
  },
  {
    "Country": "Spain",
    "Slug": "spain",
    "ISO2": "ES"
  },
  {
    "Country": "United States of America",
    "Slug": "united-states",
    "ISO2": "US"
  },
  {
    "Country": "Dominica",
    "Slug": "dominica",
    "ISO2": "DM"
  },
  {
    "Country": "Gibraltar",
    "Slug": "gibraltar",
    "ISO2": "GI"
  },
  {
    "Country": "Guadeloupe",
    "Slug": "guadeloupe",
    "ISO2": "GP"
  },
  {
    "Country": "Madagascar",
    "Slug": "madagascar",
    "ISO2": "MG"
  },
  {
    "Country": "Tanzania, United Republic of",
    "Slug": "tanzania",
    "ISO2": "TZ"
  },
  {
    "Country": "Togo",
    "Slug": "togo",
    "ISO2": "TG"
  },
  {
    "Country": "Barbados",
    "Slug": "barbados",
    "ISO2": "BB"
  },
  {
    "Country": "Grenada",
    "Slug": "grenada",
    "ISO2": "GD"
  },
  {
    "Country": "Holy See (Vatican City State)",
    "Slug": "holy-see-vatican-city-state",
    "ISO2": "VA"
  },
  {
    "Country": "Namibia",
    "Slug": "namibia",
    "ISO2": "NA"
  },
  {
    "Country": "Portugal",
    "Slug": "portugal",
    "ISO2": "PT"
  },
  {
    "Country": "Brazil",
    "Slug": "brazil",
    "ISO2": "BR"
  },
  {
    "Country": "Ethiopia",
    "Slug": "ethiopia",
    "ISO2": "ET"
  },
  {
    "Country": "British Virgin Islands",
    "Slug": "british-virgin-islands",
    "ISO2": "VG"
  },
  {
    "Country": "Falkland Islands (Malvinas)",
    "Slug": "falkland-islands-malvinas",
    "ISO2": "FK"
  },
  {
    "Country": "Isle of Man",
    "Slug": "isle-of-man",
    "ISO2": "IM"
  },
  {
    "Country": "Japan",
    "Slug": "japan",
    "ISO2": "JP"
  },
  {
    "Country": "Central African Republic",
    "Slug": "central-african-republic",
    "ISO2": "CF"
  },
  {
    "Country": "Jamaica",
    "Slug": "jamaica",
    "ISO2": "JM"
  },
  {
    "Country": "Malawi",
    "Slug": "malawi",
    "ISO2": "MW"
  },
  {
    "Country": "United Kingdom",
    "Slug": "united-kingdom",
    "ISO2": "GB"
  },
  {
    "Country": "Suriname",
    "Slug": "suriname",
    "ISO2": "SR"
  },
  {
    "Country": "Svalbard and Jan Mayen Islands",
    "Slug": "svalbard-and-jan-mayen-islands",
    "ISO2": "SJ"
  },
  {
    "Country": "Andorra",
    "Slug": "andorra",
    "ISO2": "AD"
  },
  {
    "Country": "Australia",
    "Slug": "australia",
    "ISO2": "AU"
  },
  {
    "Country": "Bulgaria",
    "Slug": "bulgaria",
    "ISO2": "BG"
  },
  {
    "Country": "Panama",
    "Slug": "panama",
    "ISO2": "PA"
  },
  {
    "Country": "Western Sahara",
    "Slug": "western-sahara",
    "ISO2": "EH"
  },
  {
    "Country": "Equatorial Guinea",
    "Slug": "equatorial-guinea",
    "ISO2": "GQ"
  },
  {
    "Country": "Greece",
    "Slug": "greece",
    "ISO2": "GR"
  },
  {
    "Country": "Greenland",
    "Slug": "greenland",
    "ISO2": "GL"
  },
  {
    "Country": "Montserrat",
    "Slug": "montserrat",
    "ISO2": "MS"
  },
  {
    "Country": "Norfolk Island",
    "Slug": "norfolk-island",
    "ISO2": "NF"
  },
  {
    "Country": "Saudi Arabia",
    "Slug": "saudi-arabia",
    "ISO2": "SA"
  },
  {
    "Country": "Georgia",
    "Slug": "georgia",
    "ISO2": "GE"
  },
  {
    "Country": "Liechtenstein",
    "Slug": "liechtenstein",
    "ISO2": "LI"
  },
  {
    "Country": "Mauritania",
    "Slug": "mauritania",
    "ISO2": "MR"
  },
  {
    "Country": "Mayotte",
    "Slug": "mayotte",
    "ISO2": "YT"
  },
  {
    "Country": "Oman",
    "Slug": "oman",
    "ISO2": "OM"
  },
  {
    "Country": "Papua New Guinea",
    "Slug": "papua-new-guinea",
    "ISO2": "PG"
  },
  {
    "Country": "South Africa",
    "Slug": "south-africa",
    "ISO2": "ZA"
  },
  {
    "Country": "Cambodia",
    "Slug": "cambodia",
    "ISO2": "KH"
  },
  {
    "Country": "Congo (Kinshasa)",
    "Slug": "congo-kinshasa",
    "ISO2": "CD"
  },
  {
    "Country": "Egypt",
    "Slug": "egypt",
    "ISO2": "EG"
  },
  {
    "Country": "Paraguay",
    "Slug": "paraguay",
    "ISO2": "PY"
  },
  {
    "Country": "Bouvet Island",
    "Slug": "bouvet-island",
    "ISO2": "BV"
  },
  {
    "Country": "Czech Republic",
    "Slug": "czech-republic",
    "ISO2": "CZ"
  },
  {
    "Country": "Kiribati",
    "Slug": "kiribati",
    "ISO2": "KI"
  },
  {
    "Country": "Mongolia",
    "Slug": "mongolia",
    "ISO2": "MN"
  },
  {
    "Country": "Myanmar",
    "Slug": "myanmar",
    "ISO2": "MM"
  },
  {
    "Country": "Poland",
    "Slug": "poland",
    "ISO2": "PL"
  },
  {
    "Country": "Solomon Islands",
    "Slug": "solomon-islands",
    "ISO2": "SB"
  },
  {
    "Country": "Uganda",
    "Slug": "uganda",
    "ISO2": "UG"
  },
  {
    "Country": "Ecuador",
    "Slug": "ecuador",
    "ISO2": "EC"
  },
  {
    "Country": "Gambia",
    "Slug": "gambia",
    "ISO2": "GM"
  },
  {
    "Country": "Algeria",
    "Slug": "algeria",
    "ISO2": "DZ"
  },
  {
    "Country": "Antarctica",
    "Slug": "antarctica",
    "ISO2": "AQ"
  },
  {
    "Country": "Gabon",
    "Slug": "gabon",
    "ISO2": "GA"
  },
  {
    "Country": "Guernsey",
    "Slug": "guernsey",
    "ISO2": "GG"
  },
  {
    "Country": "Kyrgyzstan",
    "Slug": "kyrgyzstan",
    "ISO2": "KG"
  },
  {
    "Country": "Saint Pierre and Miquelon",
    "Slug": "saint-pierre-and-miquelon",
    "ISO2": "PM"
  },
  {
    "Country": "Bolivia",
    "Slug": "bolivia",
    "ISO2": "BO"
  },
  {
    "Country": "Tuvalu",
    "Slug": "tuvalu",
    "ISO2": "TV"
  },
  {
    "Country": "Guyana",
    "Slug": "guyana",
    "ISO2": "GY"
  },
  {
    "Country": "Tokelau",
    "Slug": "tokelau",
    "ISO2": "TK"
  },
  {
    "Country": "Albania",
    "Slug": "albania",
    "ISO2": "AL"
  },
  {
    "Country": "Italy",
    "Slug": "italy",
    "ISO2": "IT"
  },
  {
    "Country": "Réunion",
    "Slug": "réunion",
    "ISO2": "RE"
  },
  {
    "Country": "Tunisia",
    "Slug": "tunisia",
    "ISO2": "TN"
  },
  {
    "Country": "Bahrain",
    "Slug": "bahrain",
    "ISO2": "BH"
  },
  {
    "Country": "Bosnia and Herzegovina",
    "Slug": "bosnia-and-herzegovina",
    "ISO2": "BA"
  },
  {
    "Country": "Malta",
    "Slug": "malta",
    "ISO2": "MT"
  },
  {
    "Country": "Austria",
    "Slug": "austria",
    "ISO2": "AT"
  },
  {
    "Country": "Belgium",
    "Slug": "belgium",
    "ISO2": "BE"
  },
  {
    "Country": "Lao PDR",
    "Slug": "lao-pdr",
    "ISO2": "LA"
  },
  {
    "Country": "Saint Helena",
    "Slug": "saint-helena",
    "ISO2": "SH"
  },
  {
    "Country": "Syrian Arab Republic (Syria)",
    "Slug": "syria",
    "ISO2": "SY"
  },
  {
    "Country": "Virgin Islands, US",
    "Slug": "virgin-islands",
    "ISO2": "VI"
  },
  {
    "Country": "Lesotho",
    "Slug": "lesotho",
    "ISO2": "LS"
  },
  {
    "Country": "Mali",
    "Slug": "mali",
    "ISO2": "ML"
  },
  {
    "Country": "Martinique",
    "Slug": "martinique",
    "ISO2": "MQ"
  },
  {
    "Country": "Senegal",
    "Slug": "senegal",
    "ISO2": "SN"
  },
  {
    "Country": "Taiwan, Republic of China",
    "Slug": "taiwan",
    "ISO2": "TW"
  },
  {
    "Country": "Tajikistan",
    "Slug": "tajikistan",
    "ISO2": "TJ"
  },
  {
    "Country": "Bhutan",
    "Slug": "bhutan",
    "ISO2": "BT"
  },
  {
    "Country": "Chile",
    "Slug": "chile",
    "ISO2": "CL"
  },
  {
    "Country": "Colombia",
    "Slug": "colombia",
    "ISO2": "CO"
  },
  {
    "Country": "Comoros",
    "Slug": "comoros",
    "ISO2": "KM"
  },
  {
    "Country": "Iceland",
    "Slug": "iceland",
    "ISO2": "IS"
  },
  {
    "Country": "Iran, Islamic Republic of",
    "Slug": "iran",
    "ISO2": "IR"
  },
  {
    "Country": "Vanuatu",
    "Slug": "vanuatu",
    "ISO2": "VU"
  },
  {
    "Country": "Cocos (Keeling) Islands",
    "Slug": "cocos-keeling-islands",
    "ISO2": "CC"
  },
  {
    "Country": "France",
    "Slug": "france",
    "ISO2": "FR"
  },
  {
    "Country": "Indonesia",
    "Slug": "indonesia",
    "ISO2": "ID"
  },
  {
    "Country": "Kenya",
    "Slug": "kenya",
    "ISO2": "KE"
  },
  {
    "Country": "Somalia",
    "Slug": "somalia",
    "ISO2": "SO"
  },
  {
    "Country": "Belize",
    "Slug": "belize",
    "ISO2": "BZ"
  },
  {
    "Country": "Brunei Darussalam",
    "Slug": "brunei",
    "ISO2": "BN"
  },
  {
    "Country": "Croatia",
    "Slug": "croatia",
    "ISO2": "HR"
  },
  {
    "Country": "Jordan",
    "Slug": "jordan",
    "ISO2": "JO"
  },
  {
    "Country": "Nauru",
    "Slug": "nauru",
    "ISO2": "NR"
  },
  {
    "Country": "Singapore",
    "Slug": "singapore",
    "ISO2": "SG"
  },
  {
    "Country": "Bangladesh",
    "Slug": "bangladesh",
    "ISO2": "BD"
  },
  {
    "Country": "Norway",
    "Slug": "norway",
    "ISO2": "NO"
  },
  {
    "Country": "Zimbabwe",
    "Slug": "zimbabwe",
    "ISO2": "ZW"
  },
  {
    "Country": "Burundi",
    "Slug": "burundi",
    "ISO2": "BI"
  },
  {
    "Country": "Djibouti",
    "Slug": "djibouti",
    "ISO2": "DJ"
  },
  {
    "Country": "Iraq",
    "Slug": "iraq",
    "ISO2": "IQ"
  },
  {
    "Country": "Faroe Islands",
    "Slug": "faroe-islands",
    "ISO2": "FO"
  },
  {
    "Country": "Kuwait",
    "Slug": "kuwait",
    "ISO2": "KW"
  },
  {
    "Country": "Sri Lanka",
    "Slug": "sri-lanka",
    "ISO2": "LK"
  },
  {
    "Country": "US Minor Outlying Islands",
    "Slug": "us-minor-outlying-islands",
    "ISO2": "UM"
  },
  {
    "Country": "Antigua and Barbuda",
    "Slug": "antigua-and-barbuda",
    "ISO2": "AG"
  },
  {
    "Country": "British Indian Ocean Territory",
    "Slug": "british-indian-ocean-territory",
    "ISO2": "IO"
  },
  {
    "Country": "Cameroon",
    "Slug": "cameroon",
    "ISO2": "CM"
  },
  {
    "Country": "Chad",
    "Slug": "chad",
    "ISO2": "TD"
  },
  {
    "Country": "El Salvador",
    "Slug": "el-salvador",
    "ISO2": "SV"
  },
  {
    "Country": "Ireland",
    "Slug": "ireland",
    "ISO2": "IE"
  },
  {
    "Country": "Pitcairn",
    "Slug": "pitcairn",
    "ISO2": "PN"
  },
  {
    "Country": "Thailand",
    "Slug": "thailand",
    "ISO2": "TH"
  },
  {
    "Country": "ALA Aland Islands",
    "Slug": "ala-aland-islands",
    "ISO2": "AX"
  },
  {
    "Country": "Dominican Republic",
    "Slug": "dominican-republic",
    "ISO2": "DO"
  },
  {
    "Country": "Eritrea",
    "Slug": "eritrea",
    "ISO2": "ER"
  },
  {
    "Country": "Haiti",
    "Slug": "haiti",
    "ISO2": "HT"
  },
  {
    "Country": "Israel",
    "Slug": "israel",
    "ISO2": "IL"
  },
  {
    "Country": "Russian Federation",
    "Slug": "russia",
    "ISO2": "RU"
  },
  {
    "Country": "Saint-Martin (French part)",
    "Slug": "saint-martin-french-part",
    "ISO2": "MF"
  },
  {
    "Country": "South Georgia and the South Sandwich Islands",
    "Slug": "south-georgia-and-the-south-sandwich-islands",
    "ISO2": "GS"
  },
  {
    "Country": "Burkina Faso",
    "Slug": "burkina-faso",
    "ISO2": "BF"
  },
  {
    "Country": "Monaco",
    "Slug": "monaco",
    "ISO2": "MC"
  },
  {
    "Country": "Saint Vincent and Grenadines",
    "Slug": "saint-vincent-and-the-grenadines",
    "ISO2": "VC"
  },
  {
    "Country": "Republic of Kosovo",
    "Slug": "kosovo",
    "ISO2": "XK"
  },
  {
    "Country": "Aruba",
    "Slug": "aruba",
    "ISO2": "AW"
  },
  {
    "Country": "Cuba",
    "Slug": "cuba",
    "ISO2": "CU"
  },
  {
    "Country": "Honduras",
    "Slug": "honduras",
    "ISO2": "HN"
  },
  {
    "Country": "Kazakhstan",
    "Slug": "kazakhstan",
    "ISO2": "KZ"
  },
  {
    "Country": "New Zealand",
    "Slug": "new-zealand",
    "ISO2": "NZ"
  },
  {
    "Country": "Niger",
    "Slug": "niger",
    "ISO2": "NE"
  },
  {
    "Country": "Finland",
    "Slug": "finland",
    "ISO2": "FI"
  },
  {
    "Country": "Korea (North)",
    "Slug": "korea-north",
    "ISO2": "KP"
  },
  {
    "Country": "Korea (South)",
    "Slug": "korea-south",
    "ISO2": "KR"
  },
  {
    "Country": "Saint-Barthélemy",
    "Slug": "saint-barthélemy",
    "ISO2": "BL"
  },
  {
    "Country": "San Marino",
    "Slug": "san-marino",
    "ISO2": "SM"
  },
  {
    "Country": "Serbia",
    "Slug": "serbia",
    "ISO2": "RS"
  },
  {
    "Country": "Turks and Caicos Islands",
    "Slug": "turks-and-caicos-islands",
    "ISO2": "TC"
  },
  {
    "Country": "French Guiana",
    "Slug": "french-guiana",
    "ISO2": "GF"
  },
  {
    "Country": "Nepal",
    "Slug": "nepal",
    "ISO2": "NP"
  },
  {
    "Country": "Slovenia",
    "Slug": "slovenia",
    "ISO2": "SI"
  },
  {
    "Country": "Switzerland",
    "Slug": "switzerland",
    "ISO2": "CH"
  },
  {
    "Country": "United Arab Emirates",
    "Slug": "united-arab-emirates",
    "ISO2": "AE"
  },
  {
    "Country": "Fiji",
    "Slug": "fiji",
    "ISO2": "FJ"
  },
  {
    "Country": "Micronesia, Federated States of",
    "Slug": "micronesia",
    "ISO2": "FM"
  },
  {
    "Country": "Sweden",
    "Slug": "sweden",
    "ISO2": "SE"
  }
]